repo_name,file,commit,is_corrective,is_refactor
ACEmulator/ACE,Source/ACE.Server/WorldObjects/Player_Inventory.cs,66939e98f01480fd4692f47cb4196447f98f9171,true,true
ACEmulator/ACE,Source/ACE.Server/Factories/WorldObjectFactory.cs,69f74b8236bc18ad6f9d1c186a6ae84ebe760230,true,false
ACEmulator/ACE,Source/ACE.Server/Physics/PhysicsObj.cs,b07dfde07311df21f413593d114a9e4f4a951c4c,true,false
ACEmulator/ACE,Source/ACE.Server/WorldObjects/HousePortal.cs,b9f5c917b3216f8b4379a9958733b62491189f2a,true,false
ACEmulator/ACE,Source/ACE.Server/WorldObjects/WorldObject_Networking.cs,c2c7b93458f7b7adf9c493194dab4cad1cabd1a0,false,true
AerisG222/mikeandwan.us,build-dev-containers.sh,78cde01fc7176d7f167f2d3bc9fe020736eb4b1a,false,true
AerisG222/mikeandwan.us,build-test-containers.sh,78cde01fc7176d7f167f2d3bc9fe020736eb4b1a,false,true
AlexWan/OsEngine,project/OsEngine/Market/Servers/AServer.cs,1bf45b38baba31ad0724c7597e2f571ed6f1b8b6,true,false
AlexWan/OsEngine,project/OsEngine/Journal/Internal/DealStaticticGenerator.cs,3bb158d213531efa0287824e86e5b75150b6ded0,true,false
AlexWan/OsEngine,project/OsEngine/OsOptimizer/OptimizerReport.cs,4d155cd2605f49eb4e65a8cd5ba1833c23d28993,true,false
AlexWan/OsEngine,project/OsEngine/OsOptimizer/OptimizerReportCharting.cs,5a73030dab8538f90bccb51e9ce20f3915435721,true,false
AlexWan/OsEngine,project/OsEngine/Charts/CandleChart/WinFormsChartPainter.cs,f903e56fcf70febea19a306b5be516cd42f58889,true,false
Altaxo/Altaxo,Altaxo/Base/Gui/Graph/Gdi/EmbeddedObjectRenderingOptionsController.cs,01c435e766d8c4256653f815d2a048f988343553,true,false
Altaxo/Altaxo,Altaxo/Base/Gui/Graph/Graph3D/Plot/Styles/DataMeshPlotStyleController.cs,16fe908087edb4e40c9e0aa70459996105e2cca1,true,false
Altaxo/Altaxo,Altaxo/Base/Calc/FitFunctions/Relaxation/HavriliakNegamiModulusRetardation.cs,27f31eaa888eaa5a8f06075952763ce703024d2d,true,false
Altaxo/Altaxo,Altaxo/Base.Presentation/Gui/Drawing/D3D/MaterialComboBox.xaml.cs,3adb8145579d09de83495092a4ff7def70cf4597,true,false
Altaxo/Altaxo,Altaxo/Base.Presentation/Gui/Common/Int32ListUpDown.cs,46d621670d7db0683908622293d70a51afbac99e,true,false
Altaxo/Altaxo,Altaxo/Base/Calc/FitFunctions/Materials/ArrheniusLaw.cs,5dd8cbceb1711bdadff0501c5e4c25797dd95654,true,true
Altaxo/Altaxo,Altaxo/Base/Gui/Graph/Gdi/Plot/Styles/FillToCurvePlotStyleController.cs,9fd1f7bce713e3212033d5992cf3368517898169,true,false
Altaxo/Altaxo,AddIns/D3D/D3DPresentation/Gui/Graph/Graph3D/Common/D3D11DeviceFactory.cs,ad252a053ddec589badeebbe18ddfd0f198fa8e5,true,false
Altaxo/Altaxo,Altaxo/Base/Serialization/Jcamp/ImportJcampFiles.cs,ffec6742d43650192e46e78137b23fcca5a39f9e,false,true
ArduPilot/MissionPlanner,GCSViews/ConfigurationView/ConfigSerialInjectGPS.cs,4e760cebbf20a3372319632356fe67a865276638,true,false
ArduPilot/MissionPlanner,ExtLibs/GMap.NET.WindowsForms/GMap.NET.WindowsForms/GMapControl.cs,56c33d23a8c75c27cc27d3d9c5601a5b4a3b200c,true,false
ArduPilot/MissionPlanner,ExtLibs/Xamarin/Xamarin.MacOS/SystemInfo.cs,7166a330581cd87e96c268935314de71ed7d3179,true,false
Azure/azure-sdk-for-net,sdk/objectanchors/Azure.MixedReality.ObjectAnchors.Conversion/src/AssetFileType.cs,28d4d85d41eaf94a2a98836fcc77c8a80730bc0b,false,true
Azure/azure-sdk-for-net,sdk/objectanchors/Azure.MixedReality.ObjectAnchors.Conversion/tests/AssetFileTypeTests.cs,28d4d85d41eaf94a2a98836fcc77c8a80730bc0b,false,true
Azure/azure-sdk-for-net,sdk/storage/Azure.Storage.Files.Shares/src/Models/ShareFileItemProperties.cs,4d5d760984a9d88e8488eab9ca2945f604e1cfa1,true,false
Azure/azure-sdk-for-net,eng/templates/Azure.ResourceManager.Template/src/Properties/AssemblyInfo.cs,516daf001fe91c80af616136cf7edd38ddf0963f,false,true
Azure/azure-sdk-for-net,sdk/eventhub/Azure.Messaging.EventHubs.Processor/src/Diagnostics/BlobEventStoreEventSource.cs,65a47bfbc4cd2d61a7e6218c403c71dc69694195,true,false
Azure/azure-sdk-for-net,sdk/eventhub/Azure.Messaging.EventHubs/stress/Azure.Messaging.EventHubs.Stress.slnf,67b5b5ad11e2a1cc38ebbc5547402872f321243b,false,true
Azure/azure-sdk-for-net,doc/DataPlaneCodeGeneration/Add_ProtocolMethods_In_Gen1_Convenience_Client_Generated_SDK.md,84b9d5afd0f3dfbf5359188768465c5a895321c9,true,true
Azure/azure-sdk-for-net,sdk/core/Azure.Core/tests/LowLevelClientTests.cs,84b9d5afd0f3dfbf5359188768465c5a895321c9,true,true
Azure/azure-sdk-for-net,sdk/synapse/Azure.Analytics.Synapse.AccessControl/src/GlobalSuppressions.cs,84b9d5afd0f3dfbf5359188768465c5a895321c9,true,true
Azure/azure-sdk-for-net,sdk/storage/Azure.Storage.Queues/src/QueueClient.cs,8f7b8e57a4290acc0c234824b25b099663d92f59,true,false
Azure/azure-sdk-for-net,sdk/storage/Azure.Storage.Blobs.ChangeFeed/tests/Resources/EventSchemaV3.json,9a47502154f5a3a9736b13ed8fb09dd73b1015ef,true,false
Azure/azure-sdk-for-net,sdk/storage/Azure.Storage.Blobs.ChangeFeed/tests/Resources/EventSchemaV4.json,9a47502154f5a3a9736b13ed8fb09dd73b1015ef,true,false
Azure/azure-sdk-for-net,sdk/storage/Azure.Storage.Blobs.ChangeFeed/tests/Resources/EventSchemaV5.json,9a47502154f5a3a9736b13ed8fb09dd73b1015ef,true,false
Azure/azure-sdk-for-net,sdk/search/Azure.Search.Documents/src/Options/SearchOptions.cs,bbef7041820e589f42f102027c777f7c947661e4,true,true
Azure/azure-sdk-for-net,sdk/search/Azure.Search.Documents/tests/DocumentOperations/SearchTests.cs,bbef7041820e589f42f102027c777f7c947661e4,true,true
Azure/azure-sdk-for-net,sdk/core/Azure.Core/src/Shared/PemReader.cs,cda0fa3aeb09f973cf978699f277447b7aeb456e,true,false
Azure/azure-sdk-for-net,sdk/core/Azure.Core/src/ContentType.cs,ce611a6cc316b4577ed8e9d8455fed8f1ff2f2c9,false,true
Azure/azure-sdk-for-net,sdk/monitor/Azure.Monitor.OpenTelemetry.Exporter/src/LogsHelper.cs,f2f768f015b115db23486424374a17b9a0c857e9,true,true
Azure/durabletask,samples/DurableTask.Samples/Program.cs,665119b913646a7b9b2341f533b343e5fb9ba86b,true,true
AzureAD/microsoft-authentication-library-for-dotnet,src/client/Microsoft.Identity.Client/Platforms/Features/WamBroker/AccountPicker.cs,340ffefa0bbcb6c0032364bb47d9b98a5a618039,true,false
AzureAD/microsoft-authentication-library-for-dotnet,tests/CacheCompat/CommonCache.Test.AdalV3/CommonCache.Test.AdalV3.csproj,340ffefa0bbcb6c0032364bb47d9b98a5a618039,true,false
AzureAD/microsoft-authentication-library-for-dotnet,tests/CacheCompat/CommonCache.Test.AdalV4/CommonCache.Test.AdalV4.csproj,340ffefa0bbcb6c0032364bb47d9b98a5a618039,true,false
AzureAD/microsoft-authentication-library-for-dotnet,tests/CacheCompat/CommonCache.Test.AdalV5/CommonCache.Test.AdalV5.csproj,340ffefa0bbcb6c0032364bb47d9b98a5a618039,true,false
AzureAD/microsoft-authentication-library-for-dotnet,tests/CacheCompat/CommonCache.Test.MsalJava/CommonCache.Test.MsalJava.csproj,340ffefa0bbcb6c0032364bb47d9b98a5a618039,true,false
AzureAD/microsoft-authentication-library-for-dotnet,tests/CacheCompat/CommonCache.Test.MsalNode/CommonCache.Test.MsalNode.csproj,340ffefa0bbcb6c0032364bb47d9b98a5a618039,true,false
AzureAD/microsoft-authentication-library-for-dotnet,tests/CacheCompat/CommonCache.Test.MsalPython/CommonCache.Test.MsalPython.csproj,340ffefa0bbcb6c0032364bb47d9b98a5a618039,true,false
AzureAD/microsoft-authentication-library-for-dotnet,tests/CacheCompat/CommonCache.Test.MsalV2/CommonCache.Test.MsalV2.csproj,340ffefa0bbcb6c0032364bb47d9b98a5a618039,true,false
AzureAD/microsoft-authentication-library-for-dotnet,tests/CacheCompat/CommonCache.Test.MsalV3/CommonCache.Test.MsalV3.csproj,340ffefa0bbcb6c0032364bb47d9b98a5a618039,true,false
AzureAD/microsoft-authentication-library-for-dotnet,tests/CacheCompat/CommonCache.Test.Unit/CommonCache.Test.Unit.csproj,340ffefa0bbcb6c0032364bb47d9b98a5a618039,true,false
AzureAD/microsoft-authentication-library-for-dotnet,tests/Microsoft.Identity.Test.Android.UIAutomation/Microsoft.Identity.Test.Android.UIAutomation.csproj,340ffefa0bbcb6c0032364bb47d9b98a5a618039,true,false
AzureAD/microsoft-authentication-library-for-dotnet,tests/Microsoft.Identity.Test.Core.UIAutomation/Microsoft.Identity.Test.UIAutomation.Infrastructure.csproj,340ffefa0bbcb6c0032364bb47d9b98a5a618039,true,false
AzureAD/microsoft-authentication-library-for-dotnet,tests/Microsoft.Identity.Test.Integration.netfx/Microsoft.Identity.Test.Integration.NetFx.csproj,340ffefa0bbcb6c0032364bb47d9b98a5a618039,true,false
AzureAD/microsoft-authentication-library-for-dotnet,tests/Microsoft.Identity.Test.iOS.UIAutomation/Microsoft.Identity.Test.iOS.UIAutomation.csproj,340ffefa0bbcb6c0032364bb47d9b98a5a618039,true,false
AzureAD/microsoft-authentication-library-for-dotnet,tests/devapps/DesktopTestApp/App.config,340ffefa0bbcb6c0032364bb47d9b98a5a618039,true,false
AzureAD/microsoft-authentication-library-for-dotnet,tests/devapps/DesktopTestApp/DesktopTestApp.csproj,340ffefa0bbcb6c0032364bb47d9b98a5a618039,true,false
AzureAD/microsoft-authentication-library-for-dotnet,tests/devapps/DesktopTestApp/MainForm.cs,340ffefa0bbcb6c0032364bb47d9b98a5a618039,true,false
AzureAD/microsoft-authentication-library-for-dotnet,tests/devapps/DesktopTestApp/Properties/Resources.Designer.cs,340ffefa0bbcb6c0032364bb47d9b98a5a618039,true,false
AzureAD/microsoft-authentication-library-for-dotnet,tests/devapps/DesktopTestApp/Properties/Settings.Designer.cs,340ffefa0bbcb6c0032364bb47d9b98a5a618039,true,false
AzureAD/microsoft-authentication-library-for-dotnet,tests/devapps/WAM/NetFrameworkWam/App.config,340ffefa0bbcb6c0032364bb47d9b98a5a618039,true,false
AzureAD/microsoft-authentication-library-for-dotnet,tests/devapps/WAM/NetFrameworkWam/Properties/Resources.Designer.cs,340ffefa0bbcb6c0032364bb47d9b98a5a618039,true,false
AzureAD/microsoft-authentication-library-for-dotnet,tests/devapps/WAM/NetFrameworkWam/Properties/Settings.Designer.cs,340ffefa0bbcb6c0032364bb47d9b98a5a618039,true,false
AzureAD/microsoft-authentication-library-for-dotnet,tests/devapps/WAM/UWPWam/UWP standalone WAM.csproj,340ffefa0bbcb6c0032364bb47d9b98a5a618039,true,false
AzureAD/microsoft-authentication-library-for-dotnet,tests/devapps/WebApi/Misc/FilePartionedCacheSerializer.cs,340ffefa0bbcb6c0032364bb47d9b98a5a618039,true,false
AzureAD/microsoft-authentication-library-for-dotnet,tests/devapps/XForms/XForms.UWP/XForms.UWP.csproj,340ffefa0bbcb6c0032364bb47d9b98a5a618039,true,false
AzureAD/microsoft-authentication-library-for-dotnet,src/client/Microsoft.Identity.Client/Instance/Discovery/KnownMetadataProvider.cs,6d8ce4ef58c13d4610c7a2b1d968e64e984f1e67,true,false
AzureAD/microsoft-authentication-library-for-dotnet,tests/Microsoft.Identity.Test.Integration.netfx/HeadlessTests/AuthorityTests.cs,6d8ce4ef58c13d4610c7a2b1d968e64e984f1e67,true,false
AzureAD/microsoft-authentication-library-for-dotnet,tests/Microsoft.Identity.Test.Unit/ApiConfigTests/AuthorityTests.cs,6d8ce4ef58c13d4610c7a2b1d968e64e984f1e67,true,false
AzureAD/microsoft-authentication-library-for-dotnet,tests/Microsoft.Identity.Test.Unit/AuthorityAliasesTests.cs,6d8ce4ef58c13d4610c7a2b1d968e64e984f1e67,true,false
AzureAD/microsoft-authentication-library-for-dotnet,tests/Microsoft.Identity.Test.Unit/CoreTests/InstanceTests/InstanceProviderTests.cs,6d8ce4ef58c13d4610c7a2b1d968e64e984f1e67,true,false
AzureAD/microsoft-authentication-library-for-dotnet,tests/Microsoft.Identity.Test.Unit/PublicApiTests/ClientCredentialWithRegionTests.cs,6d8ce4ef58c13d4610c7a2b1d968e64e984f1e67,true,false
BeAnotherLab/The-Machine-to-be-Another-Unity,Assets/CSVManager.cs,b69630982e04b646e47f35945da040a18779b874,true,false
BloomBooks/BloomDesktop,src/BloomBrowserUI/react_components/requiresBloomEnterprise.tsx,bae42270b489d06ad3495c6e3eb4aa8fee0f56b2,true,false
DEVSENSE/Parsers,Source/Devsense.PHP.Parser/Syntax/Generated/Parser.cs,f0f7c36773de4c00766f41558be36c55dfd700ec,true,false
DEVSENSE/Parsers,Source/Devsense.PHP.Parser/Syntax/Generators/PhpParser.y,f0f7c36773de4c00766f41558be36c55dfd700ec,true,false
DotNetAnalyzers/WpfAnalyzers,WpfAnalyzers.Test/WPF0015RegisteredOwnerTypeMustBeDependencyObjectTests/Valid.cs,709830bf597cfedbc74765828d9384758d5b3987,true,false
DotNetAnalyzers/WpfAnalyzers,WpfAnalyzers/WPF0015RegisteredOwnerTypeMustBeDependencyObject.cs,709830bf597cfedbc74765828d9384758d5b3987,true,false
DragonSpark/Framework,DragonSpark.Presentation/Components/Forms/Validation/ValidationComponent.cs,dd818deee330762ea720c7cb5ac2f2b58c00de94,true,false
EDDiscovery/EDDiscovery,EDDiscovery/EDDApplicationContext.cs,ee7fda7f216903822b7b5f7e47ad4889bddd29b8,true,false
EasyNetQ/EasyNetQ,Source/EasyNetQ/Internals/CancellationTokenExtensions.cs,c242d2415a031b4cb40ff14b8b453821115e3622,true,false
ExRam/ExRam.Gremlinq,src/ExRam.Gremlinq.Core/Queries/StepLabel.cs,1e31b89365844ee2628d074735f2f21486010bdb,false,true
ExRam/ExRam.Gremlinq,test/ExRam.Gremlinq.Core.Tests/Serialization/BytecodeQuerySerializationTest.Or_none_with_predicate.verified.txt,9b1cbf5a09a8c039428328a7afb79fef52ecf5c8,true,false
ExRam/ExRam.Gremlinq,test/ExRam.Gremlinq.Core.Tests/Serialization/Graphson2GremlinQuerySerializationTest.Or_none_with_predicate.verified.txt,9b1cbf5a09a8c039428328a7afb79fef52ecf5c8,true,false
ExRam/ExRam.Gremlinq,test/ExRam.Gremlinq.Core.Tests/Serialization/Graphson3GremlinQuerySerializationTest.Or_none_with_predicate.verified.txt,9b1cbf5a09a8c039428328a7afb79fef52ecf5c8,true,false
ExRam/ExRam.Gremlinq,test/ExRam.Gremlinq.Core.Tests/Serialization/GremlinQueryWithEmptyProjectionValueProtectionSerializationTest.Or_none_with_predicate.verified.txt,9b1cbf5a09a8c039428328a7afb79fef52ecf5c8,true,false
ExRam/ExRam.Gremlinq,test/ExRam.Gremlinq.Core.Tests/Serialization/GroovyGremlinQuerySerializationTest.Or_none_with_predicate.verified.txt,9b1cbf5a09a8c039428328a7afb79fef52ecf5c8,true,false
ExRam/ExRam.Gremlinq,test/ExRam.Gremlinq.Providers.CosmosDb.Tests/CosmosDbDeserializationTests.Or_none_with_predicate.verified.txt,9b1cbf5a09a8c039428328a7afb79fef52ecf5c8,true,false
ExRam/ExRam.Gremlinq,test/ExRam.Gremlinq.Providers.CosmosDb.Tests/CosmosDbQuerySerializationTest.Or_none_with_predicate.verified.txt,9b1cbf5a09a8c039428328a7afb79fef52ecf5c8,true,false
ExRam/ExRam.Gremlinq,test/ExRam.Gremlinq.Providers.GremlinServer.Tests/GremlinServerDeserializationTests.Or_none_with_predicate.verified.txt,9b1cbf5a09a8c039428328a7afb79fef52ecf5c8,true,false
ExRam/ExRam.Gremlinq,test/ExRam.Gremlinq.Providers.GremlinServer.Tests/GremlinServerQuerySerializationTest.Or_none_with_predicate.verified.txt,9b1cbf5a09a8c039428328a7afb79fef52ecf5c8,true,false
ExRam/ExRam.Gremlinq,test/ExRam.Gremlinq.Providers.JanusGraph.Tests/JanusGraphQuerySerializationTest.Or_none_with_predicate.verified.txt,9b1cbf5a09a8c039428328a7afb79fef52ecf5c8,true,false
ExRam/ExRam.Gremlinq,test/ExRam.Gremlinq.Providers.Neptune.Tests/NeptuneElasticSearchQuerySerializationTest.Or_none_with_predicate.verified.txt,9b1cbf5a09a8c039428328a7afb79fef52ecf5c8,true,false
ExRam/ExRam.Gremlinq,test/ExRam.Gremlinq.Providers.Neptune.Tests/NeptuneQuerySerializationTest.Or_none_with_predicate.verified.txt,9b1cbf5a09a8c039428328a7afb79fef52ecf5c8,true,false
ExRam/ExRam.Gremlinq,test/ExRam.Gremlinq.Providers.WebSocket.Tests/WebSocketQuerySerializationTest.Or_none_with_predicate.verified.txt,9b1cbf5a09a8c039428328a7afb79fef52ecf5c8,true,false
ExRam/ExRam.Gremlinq,test/ExRam.Gremlinq.Core.Tests/Serialization/BytecodeQuerySerializationTest.Where_with_nested_as.verified.txt,b3e98a78d79e9c6e5e8edb91bedb00b3a4aae899,true,false
ExRam/ExRam.Gremlinq,test/ExRam.Gremlinq.Core.Tests/Serialization/Graphson2GremlinQuerySerializationTest.Where_with_nested_as.verified.txt,b3e98a78d79e9c6e5e8edb91bedb00b3a4aae899,true,false
ExRam/ExRam.Gremlinq,test/ExRam.Gremlinq.Core.Tests/Serialization/Graphson3GremlinQuerySerializationTest.Where_with_nested_as.verified.txt,b3e98a78d79e9c6e5e8edb91bedb00b3a4aae899,true,false
ExRam/ExRam.Gremlinq,test/ExRam.Gremlinq.Core.Tests/Serialization/GremlinQueryWithEmptyProjectionValueProtectionSerializationTest.Where_with_nested_as.verified.txt,b3e98a78d79e9c6e5e8edb91bedb00b3a4aae899,true,false
ExRam/ExRam.Gremlinq,test/ExRam.Gremlinq.Core.Tests/Serialization/GroovyGremlinQuerySerializationTest.Where_with_nested_as.verified.txt,b3e98a78d79e9c6e5e8edb91bedb00b3a4aae899,true,false
ExRam/ExRam.Gremlinq,test/ExRam.Gremlinq.Providers.CosmosDb.Tests/CosmosDbDeserializationTests.Where_with_nested_as.verified.txt,b3e98a78d79e9c6e5e8edb91bedb00b3a4aae899,true,false
ExRam/ExRam.Gremlinq,test/ExRam.Gremlinq.Providers.CosmosDb.Tests/CosmosDbIntegrationTests.Where_with_nested_as.verified.txt,b3e98a78d79e9c6e5e8edb91bedb00b3a4aae899,true,false
ExRam/ExRam.Gremlinq,test/ExRam.Gremlinq.Providers.CosmosDb.Tests/CosmosDbQuerySerializationTest.Where_with_nested_as.verified.txt,b3e98a78d79e9c6e5e8edb91bedb00b3a4aae899,true,false
ExRam/ExRam.Gremlinq,test/ExRam.Gremlinq.Providers.GremlinServer.Tests/GremlinServerDeserializationTests.Where_with_nested_as.verified.txt,b3e98a78d79e9c6e5e8edb91bedb00b3a4aae899,true,false
ExRam/ExRam.Gremlinq,test/ExRam.Gremlinq.Providers.GremlinServer.Tests/GremlinServerIntegrationTests.Where_with_nested_as.verified.txt,b3e98a78d79e9c6e5e8edb91bedb00b3a4aae899,true,false
ExRam/ExRam.Gremlinq,test/ExRam.Gremlinq.Providers.GremlinServer.Tests/GremlinServerQuerySerializationTest.Where_with_nested_as.verified.txt,b3e98a78d79e9c6e5e8edb91bedb00b3a4aae899,true,false
ExRam/ExRam.Gremlinq,test/ExRam.Gremlinq.Providers.JanusGraph.Tests/JanusGraphIntegrationTests.Where_with_nested_as.verified.txt,b3e98a78d79e9c6e5e8edb91bedb00b3a4aae899,true,false
ExRam/ExRam.Gremlinq,test/ExRam.Gremlinq.Providers.JanusGraph.Tests/JanusGraphQuerySerializationTest.Where_with_nested_as.verified.txt,b3e98a78d79e9c6e5e8edb91bedb00b3a4aae899,true,false
ExRam/ExRam.Gremlinq,test/ExRam.Gremlinq.Providers.Neptune.Tests/NeptuneElasticSearchQuerySerializationTest.Where_with_nested_as.verified.txt,b3e98a78d79e9c6e5e8edb91bedb00b3a4aae899,true,false
ExRam/ExRam.Gremlinq,test/ExRam.Gremlinq.Providers.Neptune.Tests/NeptuneQuerySerializationTest.Where_with_nested_as.verified.txt,b3e98a78d79e9c6e5e8edb91bedb00b3a4aae899,true,false
ExRam/ExRam.Gremlinq,test/ExRam.Gremlinq.Providers.WebSocket.Tests/WebSocketQuerySerializationTest.Where_with_nested_as.verified.txt,b3e98a78d79e9c6e5e8edb91bedb00b3a4aae899,true,false
GNOME/chronojump,src/gui/cairo/generic.cs,3777021302ac8640816e9ac6e3e3e50fd461d457,true,false
GNOME/chronojump,src/json/compujump.cs,4624f2d6f36550efd4ebed367822721b73730c9c,true,false
GNOME/chronojump,src/sqlite/runType.cs,8e43479af4068cae06cc45375bd2668e72f60bfa,true,false
GNOME/chronojump,glade/encoder_configuration.glade,9333a0eab6545b6852df161ff2bc9a054f99ec3f,false,true
GNOME/chronojump,src/chronojump-importer/chronojump_importer.py,eabe5030e999fa80312d1e4e0b0a9e71ea305f8a,true,false
GNOME/chronojump,src/gui/convertWeight.cs,fa6eb735b4cbc0230c4c4c787e1b52afd49288d0,true,false
Glain/FFTPatcher,ASMEncoding/Helpers/ASMStringHelper.cs,59bc541ddeea6242f4d8e5a2ee7e9b73b747a852,true,false
GoogleCloudPlatform/dotnet-docs-samples,spanner/api/Spanner.Samples.Tests/CopyBackupTest.cs,d6f5e7df19304a95a8e371d1aebbf35e8d94ac4a,true,true
GoogleCloudPlatform/dotnet-docs-samples,spanner/api/Spanner.Samples/CopyBackup.cs,d6f5e7df19304a95a8e371d1aebbf35e8d94ac4a,true,true
GoogleCloudPlatform/iap-desktop,sources/Google.Solutions.IapDesktop.Application/Util/SingletonApplicationBase.cs,1f79ff9855a56f0eb7045eb45d190843e0e32cf9,true,false
GoogleCloudPlatform/iap-desktop,sources/installer/License.rtf,295213b5df2180fc09193376581d16d5df41be6a,false,true
GoogleCloudPlatform/iap-desktop,sources/installer/Product.wxl,295213b5df2180fc09193376581d16d5df41be6a,false,true
GoogleCloudPlatform/iap-desktop,sources/installer/Product.wxs,295213b5df2180fc09193376581d16d5df41be6a,false,true
GoogleCloudPlatform/iap-desktop,sources/Google.Solutions.IapDesktop.Application/Views/Dialog/ExceptionDialog.cs,574b8c6a9c9f67700b62bb4af55ceee6968e8439,true,false
GoogleCloudPlatform/iap-desktop,sources/Google.Solutions.IapDesktop.Extensions.Shell/Views/RemoteDesktop/RemoteDesktopPane.cs,96bb81c81403d88cd04e25bc1d01d39cbf93c21c,true,false
GoogleCloudPlatform/iap-desktop,sources/Google.Solutions.Common.Test/packages.config,db44d96a1b858cc330d94d6d26ab123f25da291e,true,false
GoogleCloudPlatform/iap-desktop,sources/Google.Solutions.Common/packages.config,db44d96a1b858cc330d94d6d26ab123f25da291e,true,false
GoogleCloudPlatform/iap-desktop,sources/Google.Solutions.IapDesktop.Application.Test/packages.config,db44d96a1b858cc330d94d6d26ab123f25da291e,true,false
GoogleCloudPlatform/iap-desktop,sources/Google.Solutions.IapDesktop.Application/packages.config,db44d96a1b858cc330d94d6d26ab123f25da291e,true,false
GoogleCloudPlatform/iap-desktop,sources/Google.Solutions.IapDesktop.Extensions.Activity.Test/packages.config,db44d96a1b858cc330d94d6d26ab123f25da291e,true,false
GoogleCloudPlatform/iap-desktop,sources/Google.Solutions.IapDesktop.Extensions.Activity/Services/Adapters/StorageAdapter.cs,db44d96a1b858cc330d94d6d26ab123f25da291e,true,false
GoogleCloudPlatform/iap-desktop,sources/Google.Solutions.IapDesktop.Extensions.Activity/packages.config,db44d96a1b858cc330d94d6d26ab123f25da291e,true,false
GoogleCloudPlatform/iap-desktop,sources/Google.Solutions.IapDesktop.Extensions.Os.Test/packages.config,db44d96a1b858cc330d94d6d26ab123f25da291e,true,false
GoogleCloudPlatform/iap-desktop,sources/Google.Solutions.IapDesktop.Extensions.Os/packages.config,db44d96a1b858cc330d94d6d26ab123f25da291e,true,false
GoogleCloudPlatform/iap-desktop,sources/Google.Solutions.IapDesktop.Extensions.Shell.Test/packages.config,db44d96a1b858cc330d94d6d26ab123f25da291e,true,false
GoogleCloudPlatform/iap-desktop,sources/Google.Solutions.IapDesktop.Extensions.Shell/packages.config,db44d96a1b858cc330d94d6d26ab123f25da291e,true,false
GoogleCloudPlatform/iap-desktop,sources/Google.Solutions.IapDesktop/Resources/GoogleSignIn_32.png,db44d96a1b858cc330d94d6d26ab123f25da291e,true,false
GoogleCloudPlatform/iap-desktop,sources/Google.Solutions.IapDesktop/packages.config,db44d96a1b858cc330d94d6d26ab123f25da291e,true,false
GoogleCloudPlatform/iap-desktop,sources/Google.Solutions.IapTunneling.Test/packages.config,db44d96a1b858cc330d94d6d26ab123f25da291e,true,false
GoogleCloudPlatform/iap-desktop,sources/Google.Solutions.IapTunneling/packages.config,db44d96a1b858cc330d94d6d26ab123f25da291e,true,false
GoogleCloudPlatform/iap-desktop,sources/Google.Solutions.Ssh/packages.config,db44d96a1b858cc330d94d6d26ab123f25da291e,true,false
GridProtectionAlliance/gsf,Source/Libraries/GSF.PhasorProtocols/IEEEC37_118/ConfigurationCell3.cs,1be9f15a79ece2f9beff1b2317177a243eafc0ea,true,false
HicServices/RDMP,Rdmp.UI/LocationsMenu/ChoosePlatformDatabasesUI.Designer.cs,7c9e3d0d032a48e2c21fe2b6dcd8035ba3e78b05,true,false
IntelliTect/Coalesce,src/IntelliTect.Coalesce/TypeDefinition/Reflection/ReflectionClassViewModel.cs,f1c5944cfbcbb5d8df827c9678c55f3c7838f8ff,true,false
Jackett/Jackett,src/Jackett.Common/Definitions/24rolika.yml,0f5b7fea1704ce43e89d7238e40dfc4baf343c72,true,false
Jackett/Jackett,src/Jackett.Common/Definitions/seedfile.yml,1876042c51d2bed994df909507f0d8185fafd730,true,false
Jackett/Jackett,src/Jackett.Common/Definitions/hellastz.yml,37744807bc97254916c61661cc59b6e2fefaef6c,true,false
Jackett/Jackett,src/Jackett.Common/Definitions/hidden-palace.yml,47b170bd1b447e81959c334699c2f0ae3110d1d0,true,false
Jackett/Jackett,src/Jackett.Common/Definitions/the-devils-lounge.yml,6162de159d786db71ac33bc712d144ea7fd23152,true,false
Jackett/Jackett,src/Jackett.Common/Definitions/trackeros-api.yml,6dee6004fd09756242bcb900ef3bf92b3ac31958,true,false
Jackett/Jackett,src/Jackett.Common/Indexers/Abstract/GazelleTracker.cs,7adc26966d469debc8a0d7b4afdbfb831d5493fd,true,false
Jackett/Jackett,src/Jackett.Common/Indexers/GimmePeers.cs,842a844966780d2bd64975f9b9fcfb7f8374c3b1,true,false
Jackett/Jackett,src/Jackett.Common/Indexers/TorrentMafya.cs,98383fa0e4660fa66d94a262394d8632a9ac262f,true,false
Jackett/Jackett,src/Jackett.Common/Definitions/jme-reunit3d.yml,aa89e81eb60cd39cc385b7c5774a25bd487e8713,true,true
Jackett/Jackett,src/Jackett.Common/Indexers/RuTracker.cs,b8c72f10b0a315d2378c89f0e2bd318adbb38128,true,false
Jackett/Jackett,src/Jackett.Common/Indexers/Anidex.cs,c14f32482cb7441c0173b239b13878571a8b1b51,true,false
Jackett/Jackett,src/Jackett.Common/Jackett.Common.csproj,c14f32482cb7441c0173b239b13878571a8b1b51,true,false
Jackett/Jackett,src/Jackett.Common/Indexers/Abstract/SpeedAppTracker.cs,c3dcb86c866229056a711920f8e5867a2734959f,true,false
Jackett/Jackett,src/Jackett.Common/Definitions/animeitalia.yml,d87b7a458895d55ce2bcc097a2d18f73ba8157f1,true,false
Jackett/Jackett,src/Jackett.Common/Indexers/HDBitsApi.cs,e94b1a578a365ea8d95f189a7c60a420cd002cbd,true,false
JasperFx/jasper,src/Jasper.Persistence.Testing/EFCore/EfCoreCompilationScenarios.cs,20d493a593f9c5f961a408e44aeb9f0fde400b1a,true,false
JetBrains/resharper-unity,resharper/resharper-unity/src/Unity/CSharp/Feature/Services/ContextActions/AttributeUtil.cs,2ed437026ebf0c0df3958283b2e67652318c2fac,true,false
JetBrains/resharper-unity,resharper/resharper-unity/src/Unity/CSharp/Feature/Services/ContextActions/AutoPropertyToSerializedBackingFieldAction.cs,496a6a8fee979f47f063003545f627211b87552b,true,false
JetBrains/resharper-unity,resharper/resharper-unity/src/Unity/Yaml/Psi/DeferredCaches/UnityEvents/UnityEventsElementContainer.PrefabModifications.cs,7c93dea3886f4f74a967d73db252618f1264200c,true,false
JetBrains/resharper-unity,resharper/resharper-unity/src/Unity.Rider/Integration/Protocol/PassthroughHost.cs,f59bb81151889412449bb595d1327373adb81bb6,true,false
JetBrains/resharper-unity,rider/src/main/kotlin/com/jetbrains/rider/plugins/unity/ui/vcs/UnityCheckinHandlerFactory.kt,f59bb81151889412449bb595d1327373adb81bb6,true,false
JoeMayo/LinqToTwitter,src/LinqToTwitter6/LinqToTwitter.Tests/Net/TwitterErrorHandlerTests.cs,9d7ad62729465e97d7a693a0d74f61a73d8e2258,true,false
JoeMayo/LinqToTwitter,src/LinqToTwitter6/LinqToTwitter/Net/TwitterErrorHandler.cs,9d7ad62729465e97d7a693a0d74f61a73d8e2258,true,false
JosefNemec/Playnite,source/Playnite.DesktopApp/ViewModels/DesktopAppViewModel.cs,1bfc74d8f90d603fc99cc26f8558b1b616c2818f,true,false
JosefNemec/Playnite,source/Playnite/Exceptions.cs,2b0d4a4732d1791591c2d04115e1004064b75fff,true,false
JosefNemec/Playnite,source/Playnite.DesktopApp/Controls/GridViewPanel.cs,55f642f802d5c72cb70636892380fb062de8a0e1,true,false
JosefNemec/Playnite,source/Playnite/App/PlayniteApplication.cs,572e2363da5b65198d7ad9d85346aaafe4695857,true,false
JosefNemec/Playnite,source/Playnite/Metadata/MetadataDownloader.cs,9d66fa2056da7816b38ebe259ac3800c609b2147,true,false
JosefNemec/Playnite,source/Playnite/Extensions/Markup/ThemeFile.cs,dcbed19fcf0b9991b388bffd55321d1b06e207b5,true,false
KirillOsenkov/SourceBrowser,src/SourceIndexServer/wwwroot/scripts.js,9c24e9ca76351524c9f973ab4fdd12d7a0069bbf,true,false
Klocman/Bulk-Crap-Uninstaller,source/SteamHelper/Program.cs,342a9f633b1a220b8bfa8f0e335d840feb52f1d2,true,false
Klocman/Bulk-Crap-Uninstaller,source/UninstallTools/Factory/InfoAdders/ExecutableAttributeExtractor.cs,54f6973a239be44e3473550120f9df9698d74de0,false,true
Klocman/Bulk-Crap-Uninstaller,source/UninstallTools/Junk/JunkManager.cs,a32dbf6423eb748af5ac27c2060cf16fefd35368,true,false
LeagueSandbox/GameServer,GameServerLib/Handlers/CollisionHandler.cs,293ca3df3bcf05f6e33771c17e1f204138e87c18,true,false
LeagueSandbox/GameServer,PacketDefinitions420/Blowfish.cs,672aaef760f4109df60a8c53b43d6a24338505da,false,true
LordMike/TMDbLib,TMDbLib/Rest/RestResponse.cs,5b9e93e581c348fb0289929fd0469227df21239f,true,false
MahApps/MahApps.Metro,src/MahApps.Metro/Controls/Dialogs/MessageDialog.cs,efe557442add6142b0c28928b10d348fe37d1a52,true,false
MatterHackers/agg-sharp,Glfw/GlfwPlatformWindow.cs,5f8b9d518d71c559bca4711611bf92de46a3ffb0,true,false
NLog/NLog.Extensions.Logging,src/NLog.Extensions.Logging/Logging/NLogBeginScopeParser.cs,7db2eeffa50990a3cc5a79a82856f6afa4a060fc,false,true
NLog/NLog.Extensions.Logging,test/NLog.Extensions.Logging.Tests/LoggerTests.cs,7db2eeffa50990a3cc5a79a82856f6afa4a060fc,false,true
NakedObjectsGroup/NakedObjectsFramework,NakedFramework/NakedFramework.Persistor.Entity.Test.CodeOnly/TestCodeOnly/CountryCode.cs,4b55be84b172425cfd1cf55f31315efd8a70de21,true,false
NakedObjectsGroup/NakedObjectsFramework,NakedFramework/NakedFramework.Persistor.Entity.Test.CodeOnly/TestCodeOnly/InternationalAddress.cs,4b55be84b172425cfd1cf55f31315efd8a70de21,true,false
NakedObjectsGroup/NakedObjectsFramework,Client/nakedobjects-client/restful-objects/src/models.ts,68451779bd8a15251933d8196e4afa33d5fcbf07,true,false
NakedObjectsGroup/NakedObjectsFramework,NakedFramework/NakedFramework.Metamodel/SemanticsProvider/DateTimeValueSemanticsProvider.cs,8bcfe0a23bf6d139c2fc744b8484abc82685022b,true,false
Nethereum/Nethereum,src/Nethereum.BlockchainProcessing/LogProcessing/BlockRangeRequestStrategy.cs,865fcdc86dd53ff6ed574d5645cb3cbe4dba6c4f,true,false
Nethereum/Nethereum,src/Nethereum.Contracts/Standards/ERC1155/NFT155Metadata.cs,f39153ae0e6bce9b041e11f1c31f8f084561a1c1,true,false
OpenRA/OpenRA,OpenRA.Mods.Common/Widgets/Logic/Lobby/LobbyLogic.cs,135823fced65f3cf1d11b0b8b78e64f7efb41505,true,false
OpenRA/OpenRA,OpenRA.Mods.Common/Projectiles/AreaBeam.cs,1fc3785f7988425c52d5199c2769679f6f650f19,false,true
OpenRA/OpenRA,OpenRA.Game/WDist.cs,7ec74749befa54fb7bce67c5d239faae5107c106,false,true
OrionFive/Hospitality,Source/Source/Patches/SmoothableWallUtility_Patch.cs,b2929cf8a380eb73bafc5c968300e546efc7c5a8,true,false
OrionFive/Hospitality,Source/Source/Utilities/SpawnGroupUtility.cs,f7ce7b89b5ae71f83c13e317c315103741e298d3,true,false
PerfDotNet/BenchmarkDotNet,tests/BenchmarkDotNet.IntegrationTests.ManualRunning/BenchmarkDotNet.IntegrationTests.ManualRunning.csproj,31de77dc6b9f3535a44b7574455217d82c36faf6,true,false
PerfDotNet/BenchmarkDotNet,tests/BenchmarkDotNet.IntegrationTests/BenchmarkDotNet.IntegrationTests.csproj,31de77dc6b9f3535a44b7574455217d82c36faf6,true,false
PerfDotNet/BenchmarkDotNet,tests/BenchmarkDotNet.IntegrationTests/ProcessPropertiesTests.cs,31de77dc6b9f3535a44b7574455217d82c36faf6,true,false
PerfDotNet/BenchmarkDotNet,tests/BenchmarkDotNet.Tests/BenchmarkDotNet.Tests.csproj,31de77dc6b9f3535a44b7574455217d82c36faf6,true,false
PerfDotNet/BenchmarkDotNet,appveyor.yml,554127b4f39bad52db7b48847688fe777041c17e,true,false
PerfDotNet/BenchmarkDotNet,tests/BenchmarkDotNet.IntegrationTests/ContinuousIntegration.cs,554127b4f39bad52db7b48847688fe777041c17e,true,false
PerfDotNet/BenchmarkDotNet,tests/BenchmarkDotNet.IntegrationTests/GitHubActions.cs,554127b4f39bad52db7b48847688fe777041c17e,true,false
PerfDotNet/BenchmarkDotNet,tests/BenchmarkDotNet.IntegrationTests/ThreadingDiagnoserTests.cs,554127b4f39bad52db7b48847688fe777041c17e,true,false
PerfDotNet/BenchmarkDotNet,src/BenchmarkDotNet/Extensions/ConfigurationExtensions.cs,c165ba17501626561297a80fe1b05b2400ce8014,true,false
Piotrekol/StreamCompanion,StreamCompanion.Common/Extensions/PpCalculatorExtensions.cs,17a21ed02ef17554feba4299c9785a8ea314edc3,true,false
PomeloFoundation/Pomelo.EntityFrameworkCore.MySql,src/EFCore.MySql/Storage/Internal/MySqlRelationalConnection.cs,fa0a8324917c79aeb4a417ad5ac89ba5df6ea418,true,false
PomeloFoundation/Pomelo.EntityFrameworkCore.MySql,test/EFCore.MySql.FunctionalTests/ConnectionMySqlTest.cs,fa0a8324917c79aeb4a417ad5ac89ba5df6ea418,true,false
Pryaxis/TShock,CHANGELOG.md,07becc3c8f4cee37f5dd205e96189519aa4f2f5e,true,false
Pryaxis/TShock,TShockAPI/TShock.cs,07becc3c8f4cee37f5dd205e96189519aa4f2f5e,true,false
QuantConnect/Lean,Tests/Common/Util/PythonUtilTests.cs,06228a8de84ad668449cb2a8821ee48862d7c077,false,true
QuantConnect/Lean,Algorithm.Python/CustomIndicatorAlgorithm.py,9bd6b46160d0263c172cce8d61a1cebc193113d3,true,false
QuantConnect/Lean,Common/Data/Market/Tick.cs,a374ce9b6e88fb95590a5806ea33a01272746eff,true,false
QuantConnect/Lean,Tests/Common/Data/Market/TickTests.cs,a374ce9b6e88fb95590a5806ea33a01272746eff,true,false
QuantConnect/Lean,Tests/Engine/DataCacheProviders/ZipDataCacheProviderTests.cs,b3c230311185eb671cf8dee0af9582abcfc1588c,true,true
QuantConnect/Lean,Common/Data/Consolidators/PeriodCountConsolidatorBase.cs,f5dd997ca0447877152ac7c0006d8398ae5405ea,true,false
R-Smith/vmPing,vmPing/App.xaml.cs,6d39400960aab45a9932e1cbcb375e02e83bc9fd,true,false
RHEAGROUP/reqifsharp,ReqIFSharp.Tests/AttributeDefinitionTests/AttributeDefinitionBooleanTestFixture.cs,cbcb7a287106920ac0bb60b9b53f08044d459c22,false,true
RHEAGROUP/reqifsharp,ReqIFSharp.Tests/ExternalObjectDeseralizationTestFixture.cs,cbcb7a287106920ac0bb60b9b53f08044d459c22,false,true
RHEAGROUP/reqifsharp,ReqIFSharp.Tests/ReqIFHeaderTestFixture.cs,cbcb7a287106920ac0bb60b9b53f08044d459c22,false,true
RHEAGROUP/reqifsharp,ReqIFSharp/ReqIF.cs,cbcb7a287106920ac0bb60b9b53f08044d459c22,false,true
RHEAGROUP/reqifsharp,ReqIFSharp/ReqIFSharp.csproj,cbcb7a287106920ac0bb60b9b53f08044d459c22,false,true
Radarr/Radarr,src/NzbDrone.Core.Test/ParserTests/ReleaseGroupParserFixture.cs,097b46c49fc2f795150728830d05f4ed97109ad9,true,false
Radarr/Radarr,frontend/src/Store/Selectors/createClientSideCollectionSelector.js,2fc7cbff8941f928fe09167df6b15d425014ab7b,true,false
Radarr/Radarr,src/Radarr.Http/Middleware/LoggingMiddleware.cs,5824ba963b480c920cee9d8ae6594c820167cd07,true,false
Radarr/Radarr,src/NzbDrone.Core/ImportLists/FetchAndParseImportListService.cs,62faa1aad8afd9d4b57efc965bdde970e9c05a26,true,false
Radarr/Radarr,src/NzbDrone.Core/Download/CompletedDownloadService.cs,907950e30970541ec54b7413ad9f1e84826af457,true,false
Radarr/Radarr,src/NzbDrone.Core/Download/Clients/DownloadStation/Responses/DiskStationError.cs,dc5c997e9b8bca9d6a727a43261219ad9aba7876,true,false
RandomEngy/VidCoder,VidCoder/Services/HardwareResourceService.cs,27fe9e713206d5b2b5d392f7f8f744a7631b49a8,true,false
RandomEngy/VidCoder,VidCoder/Services/ProcessingService.cs,b61623b411996c55ab84c0859fd8773f0181fcc6,true,false
RehanSaeed/Schema.NET,Source/Common/SchemaEnumJsonConverter{T}.cs,0a2537334426cede1c88fb151491606e8657d52f,false,true
RehanSaeed/Schema.NET,Tests/Schema.NET.Test/Examples/CarTest.cs,0a2537334426cede1c88fb151491606e8657d52f,false,true
RehanSaeed/Schema.NET,Tests/Schema.NET.Test/Examples/ProductTest.cs,0a2537334426cede1c88fb151491606e8657d52f,false,true
RehanSaeed/Schema.NET,Tests/Schema.NET.Test/OneOrManyTest.cs,0a2537334426cede1c88fb151491606e8657d52f,false,true
RehanSaeed/Schema.NET,Tests/Schema.NET.Test/Values2Test.cs,0a2537334426cede1c88fb151491606e8657d52f,false,true
RehanSaeed/Schema.NET,Tests/Schema.NET.Test/Values3Test.cs,0a2537334426cede1c88fb151491606e8657d52f,false,true
RehanSaeed/Schema.NET,Tests/Schema.NET.Test/Values4Test.cs,0a2537334426cede1c88fb151491606e8657d52f,false,true
RehanSaeed/Schema.NET,Tests/Schema.NET.Test/Values6Test.cs,0a2537334426cede1c88fb151491606e8657d52f,false,true
RehanSaeed/Schema.NET,Tests/Schema.NET.Test/Values7Test.cs,0a2537334426cede1c88fb151491606e8657d52f,false,true
Rhetos/Rhetos,CommonConcepts/CommonConcepts.Test/AutoCodeTest.cs,62d20555b1a1da768badc7ce653b1367916d88f1,true,false
Rhetos/Rhetos,CommonConcepts/Plugins/Rhetos.Dom.DefaultConcepts/SimpleBusinessLogic/AutoCodeHelper.cs,62d20555b1a1da768badc7ce653b1367916d88f1,true,false
ShareX/ShareX,ShareX.ScreenCaptureLib/Shapes/Drawing/StepDrawingShape.cs,b0684a9cd6879c079343c21cb0ed0b5a36d964bf,true,false
SignalGo/SignalGo-full-net,SignalGo.Client/WebServiceProtocolHelper.cs,340cf3f431bdc0e6949a3884092e5c3ff43d8ae0,true,false
Squidex/squidex,backend/src/Squidex/Areas/IdentityServer/Controllers/Profile/ProfileController.cs,095c09c8f85302e1c45c9ace0353f9dc7bbfeecb,true,false
Squidex/squidex,backend/src/Squidex/Config/Authentication/OidcHandler.cs,335db844a350a0f4fca775cfd13e45801c974bf8,false,true
Squidex/squidex,frontend/src/app/shared/components/forms/markdown-editor.component.scss,40e4fc2199df827eeb70ed634579ab51f0ed23f8,true,false
Squidex/squidex,backend/src/Squidex.Domain.Apps.Entities/Contents/ContentExtensions.cs,a505bf7ba0c2c97dfad79feb17d68d0dd4ad2f86,true,false
Squidex/squidex,backend/src/Squidex.Web/Pipeline/SetupMiddleware.cs,a9a6c1928c2b705eb318b236fc84a866814ec001,true,false
Squidex/squidex,backend/src/Squidex/Areas/IdentityServer/Views/Account/AccessDenied.cshtml,a9a6c1928c2b705eb318b236fc84a866814ec001,true,false
Squidex/squidex,backend/src/Squidex/Areas/IdentityServer/Views/Account/LockedOut.cshtml,a9a6c1928c2b705eb318b236fc84a866814ec001,true,false
Squidex/squidex,backend/src/Squidex/Areas/IdentityServer/Views/Account/LogoutCompleted.cshtml,a9a6c1928c2b705eb318b236fc84a866814ec001,true,false
Squidex/squidex,backend/src/Squidex/Areas/IdentityServer/Views/Error/Error.cshtml,a9a6c1928c2b705eb318b236fc84a866814ec001,true,false
Squidex/squidex,backend/src/Squidex/Areas/IdentityServer/Views/Profile/Profile.cshtml,a9a6c1928c2b705eb318b236fc84a866814ec001,true,false
Squidex/squidex,backend/src/Squidex/Areas/IdentityServer/Views/Setup/Setup.cshtml,a9a6c1928c2b705eb318b236fc84a866814ec001,true,false
Squidex/squidex,backend/src/Squidex/Areas/IdentityServer/Views/_Layout.cshtml,a9a6c1928c2b705eb318b236fc84a866814ec001,true,false
Squidex/squidex,backend/tools/TestSuite/TestSuite.ApiTests/Assets/Frontend_Home.jpg,a9a6c1928c2b705eb318b236fc84a866814ec001,true,false
Squidex/squidex,backend/tools/TestSuite/TestSuite.ApiTests/Assets/Frontend_Login.jpg,a9a6c1928c2b705eb318b236fc84a866814ec001,true,false
Squidex/squidex,backend/tools/TestSuite/TestSuite.ApiTests/FrontendTests.cs,a9a6c1928c2b705eb318b236fc84a866814ec001,true,false
SubnauticaNitrox/Nitrox,NitroxModel/Serialization/NitroxConfig.cs,3232e04faa377b65c5470242066f7bdf14eb956e,false,true
SubnauticaNitrox/Nitrox,Nitrox.Test/Patcher/Patches/Language_LoadLanguageFile_PatchTest.cs,7e869f8530e7c7a97068d0dc85061be6789c35ff,false,true
SubnauticaNitrox/Nitrox,Nitrox.Test/Patcher/Patches/Persistent/Language_LoadLanguageFile_PatchTest.cs,7e869f8530e7c7a97068d0dc85061be6789c35ff,false,true
SubnauticaNitrox/Nitrox,README.md,7e869f8530e7c7a97068d0dc85061be6789c35ff,false,true
SubtitleEdit/subtitleedit,src/libse/Cea708/CcDataSection.cs,00cd4ea4ef5d40a6a4c67d4928b9fd916d851947,true,true
SubtitleEdit/subtitleedit,src/libse/Forms/RemoveInterjection.cs,0b66ec65a99b2bcab7fde9c689a94cdbbccd94e5,true,false
SubtitleEdit/subtitleedit,src/ui/Forms/ExportPngXml.cs,25ed24a3087b1ee98e7a7416052e0e6dacf8d962,true,false
SubtitleEdit/subtitleedit,src/libse/ContainerFormats/Mp4/Boxes/Trun.cs,98c3174d53c83ba8f29e452ef888c58675a6cb45,true,true
SubtitleEdit/subtitleedit,src/libse/Translate/Service/GoogleTranslator1.cs,c1e4dd427c978e4ade3971802fb885c875ada152,true,false
SubtitleEdit/subtitleedit,src/libse/SubtitleFormats/SubtitleFormat.cs,fe657813f3c6d43675fa7a5572b76cc176d4c479,true,false
Tape-Worm/Gorgon,PlugIns/Gorgon.Editor.ImageEditor/_Internal/Renderers/TextureCubeViewer.cs,641a41543cb4bd26adf45b95ab58f00364fd0730,true,false
Tape-Worm/Gorgon,Gorgon/Gorgon.Graphics.Imaging/Codecs/GorgonCodecTga.cs,70d5f648864cb3e8e492b63b30ede2e44b2037be,true,false
Tape-Worm/Gorgon,Gorgon/Gorgon.Core/Collections/GorgonArray.cs,7c2f904b0194c9cf409f543dc7ef1af70704bc46,true,false
Tape-Worm/Gorgon,Gorgon/Gorgon.Graphics.Core/Buffers/GorgonConstantBuffer.cs,80f82e3ec76e5426532295413b28b091b4521500,true,false
Tape-Worm/Gorgon,Gorgon/Gorgon.Graphics.Imaging/Codecs/GorgonCodecDds.cs,dd6d5cc37cdeec0feb3e44b9a3f2c01c032e8183,true,false
TechnitiumSoftware/DnsServer,DnsServerCore/Dns/Zones/SecondaryZone.cs,1f49d0e153800298d0a41ac315ee6384ad8d366c,true,true
TechnitiumSoftware/DnsServer,Apps/AdvancedBlockingApp/App.cs,2d0a0c2c6a6bb40bb9b9efd18dee32d4de18915d,true,false
TechnitiumSoftware/DnsServer,DnsServerCore/Dns/ZoneManagers/BlockListZoneManager.cs,bc9803c18aa1c41bc27e27f7e4e8e809391bb37c,true,false
TechnitiumSoftware/DnsServer,DnsServerCore/Dhcp/Lease.cs,c52211fb47f1ef3e660aa10d9a1fd74d084c7d38,false,true
TechnitiumSoftware/TechnitiumLibrary,TechnitiumLibrary.Net/Dns/ResourceRecords/DnsNSEC3RecordData.cs,b1e9bb08ed39bb7fc931f2edb5a30157a0701ab4,true,false
TechnitiumSoftware/TechnitiumLibrary,TechnitiumLibrary.Net/Dns/DnsDatagram.cs,df1f88485a9f1a8f6ff7b9eb255ced9b8c62328e,true,false
TechnitiumSoftware/TechnitiumLibrary,TechnitiumLibrary.Net/Dns/ResourceRecords/DnsNSECRecordData.cs,e748f043c6621ce388f657718a4560ff6a1bbb70,true,false
TravelModellingGroup/XTMF,TorontoHouseholds/MicrosimLoader/LoadHouseholdsFromMicrosim.cs,a9c5a48a3990ef5a34955fa1899440992f7d3232,true,false
UnigramDev/Unigram,Unigram/Unigram/Controls/LottieView.cs,040e6bbf70f60752da5db9b609a0ab942ad4b253,true,false
UnigramDev/Unigram,Unigram/Unigram/Controls/Chats/ChatActionBarView.xaml.cs,5dea45dcd96492ee85f2d2fa2208cd6645e3c161,true,false
UnigramDev/Unigram,Unigram/Unigram/Controls/PlaybackHeader.xaml,5dea45dcd96492ee85f2d2fa2208cd6645e3c161,true,false
UnigramDev/Unigram,Unigram/Unigram.Native/CachedVideoAnimation.cpp,a7122df14171da3a544e8d039fb07c5d9f51c807,true,false
UnigramDev/Unigram,Unigram/Unigram.Native/VideoAnimation.h,a7122df14171da3a544e8d039fb07c5d9f51c807,true,false
UnigramDev/Unigram,Unigram/Unigram/Views/Chats/ChatSharedMediaPage.xaml,fb06eadd86b4c4f965d90aeb78c054dc43ecd279,true,false
UnigramDev/Unigram,Unigram/Unigram/Views/Folders/FoldersPage.xaml,fb06eadd86b4c4f965d90aeb78c054dc43ecd279,true,false
UnigramDev/Unigram,Unigram/Unigram/Views/Payments/PaymentAddressPopup.xaml,fb06eadd86b4c4f965d90aeb78c054dc43ecd279,true,false
UnigramDev/Unigram,Unigram/Unigram/Views/Payments/PaymentCredentialsPopup.xaml,fb06eadd86b4c4f965d90aeb78c054dc43ecd279,true,false
UnigramDev/Unigram,Unigram/Unigram/Views/Payments/PaymentFormPage.xaml,fb06eadd86b4c4f965d90aeb78c054dc43ecd279,true,false
UnigramDev/Unigram,Unigram/Unigram/Views/Settings/SettingsBackgroundsPage.xaml,fb06eadd86b4c4f965d90aeb78c054dc43ecd279,true,false
Washi1337/AsmResolver,test/AsmResolver.DotNet.Tests/MethodDefinitionTest.cs,7fbfa0f99d2105ec3a731f87709c2529781a9697,true,false
Willster419/RelhaxModpack,RelhaxModpack/RelhaxModpack/Translations/TranslationsSpanish.cs,db87453a3c6ba04700de87732061136bdeabf729,true,false
WimObiwan/FxMovieAlert,Core/Services/VtmGoService2.cs,0631fbcb180b7ea58771ef1f841a84af30e5e1d4,true,false
WireMock-Net/WireMock.Net,src/WireMock.Net/Logging/WireMockConsoleLogger.cs,ca6c39c63aaa1b263741266ba4019ba5a5fc46cc,true,false
YAFNET/YAFNET,yafsrc/YetAnotherForum.NET/Controls/EmailDigest.ascx,511aa27cb36275a1b0f82f0c9e6e544f9d1605a8,true,false
YAFNET/YAFNET,yafsrc/YetAnotherForum.NET/install/mssql/upgrade/identity/upgrade.sql,bebe74179a8fbb863dff7ba35f9e3453f94e1370,true,false
ZeroK-RTS/Zero-K-Infrastructure,Shared/PlasmaShared/ResharperAttribs.cs,2dbf5e3fdada1afd1e4a37851ccd31f60801e2d3,true,false
ZeroK-RTS/Zero-K-Infrastructure,ZeroKLobby/ZeroKLobby.csproj,2dbf5e3fdada1afd1e4a37851ccd31f60801e2d3,true,false
ZeroK-RTS/Zero-K-Infrastructure,ZeroKLobby/app.config,2dbf5e3fdada1afd1e4a37851ccd31f60801e2d3,true,false
ZeroK-RTS/Zero-K-Infrastructure,ZeroKLobby/packages.config,2dbf5e3fdada1afd1e4a37851ccd31f60801e2d3,true,false
alcexhim/UniversalEditor,Plugins.UserInterface/UniversalEditor.Plugins.Multimedia.UserInterface/Editors/Multimedia/PictureCollection/PictureCollectionEditor.cs,c348eec90f24862728163aa39eb34a03501ec4af,true,false
apache/lucenenet,src/Lucene.Net.Analysis.SmartCn/Hhmm/SegToken.cs,5a89b321a115217f19b718997d2555c647ae7486,true,false
bepu/bepuphysics2,DemoRenderer/UI/RenderableImage.cs,69494c59c1fee284872741bd428dfdd4ebc94353,true,false
bepu/bepuphysics2,BepuPhysics/Collidables/IShape.cs,c9d0bfbe60cf78f394cff0e9696ba23cacf9e935,true,false
bitwarden/mobile,src/iOS.Core/Renderers/CustomLabelRenderer.cs,2cab62fda5c1106cca2852f78e04ea4c40521dcb,true,false
bitwarden/mobile,src/App/Pages/Generator/GeneratorHistoryPageViewModel.cs,57213607a73f348d7a0e842b5145e439b62c1d12,true,false
blakeohare/crayon,Compiler/Builder/Build/BuildContext.cs,2986bceffb62104a5283f2701130b9ffe115af8a,true,false
btcpayserver/btcpayserver,BTCPayServer.Common/Altcoins/BTCPayNetworkProvider.Althash.cs,1235ced3556f6f6c2b3813615628b16e9bea955a,true,false
btcpayserver/btcpayserver,BTCPayServer.Rating/Currencies.json,1235ced3556f6f6c2b3813615628b16e9bea955a,true,false
btcpayserver/btcpayserver,BTCPayServer/wwwroot/imlegacy/althash.png,1235ced3556f6f6c2b3813615628b16e9bea955a,true,false
btcpayserver/btcpayserver,BTCPayServer/Controllers/GreenField/GreenfieldStoreWebhooksController.cs,662f269a9414f2eda528cb9c05af189b6c144961,true,false
btcpayserver/btcpayserver,BTCPayServer/Controllers/UIStorageController.cs,a40429e219d7a2c79193e48dc790f1f4d872f2b0,true,false
btcpayserver/btcpayserver,BTCPayServer/Components/StoreSelector/StoreSelector.cs,add206ae2d816f19a896916af5533e015129e93f,true,false
btcpayserver/btcpayserver,BTCPayServer/wwwroot/main/layout.css,add206ae2d816f19a896916af5533e015129e93f,true,false
btcpayserver/btcpayserver,BTCPayServer/Services/Mails/EmailSettings.cs,d768314f035489f1c51aae4529214b0699a36586,false,true
btcpayserver/btcpayserver,BTCPayServer.Abstractions/Extensions/ViewsRazor.cs,e202f24592564b24376da6976ecec129d55f2fc8,true,false
bugsnag/bugsnag-unity,src/BugsnagUnity/Payload/App.cs,f710b3403af74903a84cb06eb10238fa1ba506da,true,false
bugsnag/bugsnag-unity,unity/PackageProject/Assets/Bugsnag/Plugins/Windows/BugsnagUnity.Windows.dll.meta,f710b3403af74903a84cb06eb10238fa1ba506da,true,false
cadon/ARKStatsExtractor,ARKBreedingStats/Form1.cs,0cd1844a39604ec6f59c6f6ff324c341dfa7bcf5,true,false
cofoundry-cms/cofoundry,src/Cofoundry.Domain/Domain/Entities/Queries/GetEntityDependencySummaryByRelatedEntityIdRangeQueryHandler.cs,763303ab969f887bde54227a71a1e7aa4e992324,true,false
contentful/contentful.net,.circleci/config.yml,8796db1a97c8c979b07edf41f5f294ecbcc8ec12,true,false
contentful/contentful.net,Contentful.AspNetCore/Contentful.AspNetCore.csproj,8796db1a97c8c979b07edf41f5f294ecbcc8ec12,true,false
contentful/contentful.net,Contentful.Core/Contentful.Core.csproj,8796db1a97c8c979b07edf41f5f294ecbcc8ec12,true,false
contentful/contentful.net,Contentful.Core/ContentfulClient.cs,8796db1a97c8c979b07edf41f5f294ecbcc8ec12,true,false
contentful/contentful.net,e2e-tests.sh,8796db1a97c8c979b07edf41f5f294ecbcc8ec12,true,false
csbernath/DataCommander,DataCommander/.Net-6.0/DataCommander.Application/DataCommanderApplication.cs,5e400dd630501cf232cf085343514bb6899fb7b7,true,false
cube-soft/Cube.Core,Libraries/Core/Sources/Mixin/Generic.cs,79ef7ff7b0c99b27c69b2a54de0defc2d501668d,true,false
dadhi/FastExpressionCompiler,test/FastExpressionCompiler.IssueTests/Issue248_Calling_method_with_in_out_parameters_in_expression_lead_to_NullReferenceException_on_calling_site.cs,83b10c86f50595f13dbbbcabbe83c42cf9d6bfdb,true,false
dadhi/FastExpressionCompiler,test/FastExpressionCompiler.IssueTests/Issue333_AccessViolationException_and_other_suspicious_behavior_on_invoking_result_of_CompileFast.cs,83b10c86f50595f13dbbbcabbe83c42cf9d6bfdb,true,false
dgarage/NBXplorer,NBXplorer/DBScripts/008.FasterGetUnused.sql,1fff142f6f54694402c7be5bd91b4476aff15d9f,false,true
dlemstra/Magick.NET,tests/Magick.NET.Tests/TestHelpers/TemporaryDirectory.cs,2631b818b14fc00e8f3d6f8e422bc4fdd59b689b,true,false
dnnsoftware/Dnn.Platform,DNN Platform/Library/Security/PortalSecurity.cs,14e39b9bb68fef59e3851063bd9b001b60323627,true,false
dnnsoftware/Dnn.Platform,DNN Platform/Library/Services/Installer/Installers/PackageInstaller.cs,c2615a7db254be5853d0b9db5578e400e978bd44,true,false
dotnet/orleans,src/Orleans.Runtime/Networking/SiloConnection.cs,8255e22c611e5fa5ffa6281af2cd4222e2bfe7c7,false,true
dotnet/orleans,src/Orleans.Runtime/ConsistentRing/VirtualBucketsRingProvider.cs,91b838bd635217a5b3cccc1539c3849612b4b573,false,true
dotnet/orleans,src/Orleans.Clustering.ZooKeeper/ZooKeeperBasedMembershipTable.cs,bc1164320cecabc34edca3c73e4fbb0d9b3f5e7a,true,false
dotnet/orleans,test/Extensions/TesterZooKeeperUtils/ZookeeperMembershipTableTests.cs,bc1164320cecabc34edca3c73e4fbb0d9b3f5e7a,true,false
dotnet/orleans,test/Extensions/TesterZooKeeperUtils/ZookeeperTestUtils.cs,bc1164320cecabc34edca3c73e4fbb0d9b3f5e7a,true,false
dotnet/orleans,src/Orleans.Core/Messaging/GatewayManager.cs,feae1c0470db9cdac0f4a9f89931b1c7ff34b5f8,true,true
dotnet/wcf,src/dotnet-svcutil/lib/src/AppInsightsTelemetryClient.cs,3a19b23de24d66d5595011c8d6128aa0429300ea,true,false
dotnet/wcf,src/dotnet-svcutil/lib/src/dotnet-svcutil-lib.csproj,3a19b23de24d66d5595011c8d6128aa0429300ea,true,false
dotnetcore/CAP,samples/Sample.RabbitMQ.SqlServer/Controllers/ValuesController.cs,6724f02ef717b674231bbc54a67a886360965ebc,true,false
drunkcod/DataBoss,Source/DataBoss.DataPackage/Schema/TabularDataResource.cs,9579fc3bb5c9ecd28aa5545a1064c5d19d90f565,false,true
elastic/elasticsearch-net,build/scripts/scripts.fsproj,88525e59db0139b666388f454f31f7af860f29b9,true,false
elastic/elasticsearch-net,src/Elastic.Clients.Elasticsearch/Elastic.Clients.Elasticsearch.csproj,88525e59db0139b666388f454f31f7af860f29b9,true,false
ericsink/SQLitePCL.raw,src/SQLitePCLRaw.bundle_e_sqlcipher/SQLitePCLRaw.bundle_e_sqlcipher.csproj,5da30181e0eb4715cd2c5666ab461cfdde120029,true,false
ericsink/SQLitePCL.raw,src/SQLitePCLRaw.bundle_e_sqlite3/SQLitePCLRaw.bundle_e_sqlite3.csproj,5da30181e0eb4715cd2c5666ab461cfdde120029,true,false
ericsink/SQLitePCL.raw,src/SQLitePCLRaw.bundle_green/SQLitePCLRaw.bundle_green.csproj,5da30181e0eb4715cd2c5666ab461cfdde120029,true,false
ericsink/SQLitePCL.raw,src/SQLitePCLRaw.bundle_zetetic/SQLitePCLRaw.bundle_zetetic.csproj,5da30181e0eb4715cd2c5666ab461cfdde120029,true,false
ericsink/SQLitePCL.raw,src/SQLitePCLRaw.lib.e_sqlcipher.android/SQLitePCLRaw.lib.e_sqlcipher.android.csproj,5da30181e0eb4715cd2c5666ab461cfdde120029,true,false
ericsink/SQLitePCL.raw,src/SQLitePCLRaw.lib.e_sqlcipher.ios/SQLitePCLRaw.lib.e_sqlcipher.ios.csproj,5da30181e0eb4715cd2c5666ab461cfdde120029,true,false
ericsink/SQLitePCL.raw,src/SQLitePCLRaw.lib.e_sqlite3.android/SQLitePCLRaw.lib.e_sqlite3.android.csproj,5da30181e0eb4715cd2c5666ab461cfdde120029,true,false
ericsink/SQLitePCL.raw,src/SQLitePCLRaw.lib.e_sqlite3.ios/SQLitePCLRaw.lib.e_sqlite3.ios.csproj,5da30181e0eb4715cd2c5666ab461cfdde120029,true,false
ericsink/SQLitePCL.raw,src/SQLitePCLRaw.lib.sqlcipher.ios.placeholder/SQLitePCLRaw.lib.sqlcipher.ios.placeholder.csproj,5da30181e0eb4715cd2c5666ab461cfdde120029,true,false
firebase/firebase-unity-sdk,swig_post_process.py,0b9e7b3db5b25ae76cab18494f706786942db067,true,false
firebase/firebase-unity-sdk,build_android.sh,62ab44dbd084ee7dcf2e4a5dd2e7561c1b230d49,true,false
firebase/firebase-unity-sdk,cmake/swig_fix.py,75204dbdabee2620d81066b9c649dad38b707a47,true,false
firebase/firebase-unity-sdk,.gitignore,fd39689ee39acd136c51a65821d95a27b509736a,true,false
fluentribbon/Fluent.Ribbon,Fluent.Ribbon/Controls/Button.cs,e98f4883f95ce1ef7e259c5c34fa2ba754bc20e0,true,false
fluffynuts/PeanutButter,source/TestUtils/PeanutButter.TestUtils.Generic/EnumerableExtensions.cs,b76ef74b459ca56065b85b73ff21261dafcaafcd,true,false
fluffynuts/PeanutButter,source/Utils/PeanutButter.Utils.Tests/TestExtensionsForIEnumerables.cs,b76ef74b459ca56065b85b73ff21261dafcaafcd,true,false
fluffynuts/PeanutButter,source/Utils/PeanutButter.Utils/ExtensionsForIEnumerables.cs,b76ef74b459ca56065b85b73ff21261dafcaafcd,true,false
googleapis/gax-dotnet,Google.Api.Gax.Grpc.IntegrationTests/TestServiceFixture.cs,0ac68c7965da4b2df11409c0bcb3bcaccf89447b,true,false
googleapis/gax-dotnet,Google.Api.Gax.Grpc.Tests/GrpcNetClientAdapterTest.cs,0ac68c7965da4b2df11409c0bcb3bcaccf89447b,true,false
googleapis/gax-dotnet,Google.Api.Gax.Grpc.Tests/ChannelBaseExtensionsTest.cs,5adf741bcffe79d83b6aa6072ebc866b31cbdf8d,false,true
googleapis/gax-dotnet,Google.Api.Gax.Grpc/ChannelBaseExtensions.cs,5adf741bcffe79d83b6aa6072ebc866b31cbdf8d,false,true
googleapis/gax-dotnet,Google.Api.Gax.Grpc.Tests/Rest/ReadHttpResponseMessageTest.cs,bfbcaa687aef3d2e2137af76ef2ae44b6b1889ce,true,false
googleapis/gax-dotnet,Google.Api.Gax.Grpc/Rest/ReadHttpResponseMessage.cs,bfbcaa687aef3d2e2137af76ef2ae44b6b1889ce,true,false
googleapis/google-api-dotnet-client,Src/Support/Google.Apis/Requests/BatchRequest.cs,15a8a95e5a78dc31b611b65f6dd4d062280c261d,false,true
googleapis/google-api-dotnet-client,Src/Support/Google.Apis.Auth.Tests/OAuth2/TokenRefreshManagerTests.cs,b459ed61146d2fc5234e6312a5148d995f1d2c8c,true,false
googleapis/google-api-dotnet-client,Src/Support/Google.Apis.Auth/OAuth2/TokenRefreshManager.cs,b459ed61146d2fc5234e6312a5148d995f1d2c8c,true,false
googleapis/google-cloud-dotnet,apis/Google.Cloud.DocumentAI.V1Beta3/Google.Cloud.DocumentAI.V1Beta3/Document.g.cs,0dcc4ade7a1acb57efbfcfb03c6972c6bae60ee5,true,false
googleapis/google-cloud-dotnet,apis/Google.Cloud.AIPlatform.V1/pregeneration.sh,3963f9ad671764f8785c102083b559f17f20039f,true,false
googleapis/google-cloud-dotnet,apis/Google.Cloud.Compute.V1/Google.Cloud.Compute.V1.EnumConstantGenerator/EnumContainer.cs,3e38ab5a0068055a7348035e587e86082c54cba8,true,false
googleapis/google-cloud-dotnet,apis/Google.Cloud.DevTools.ContainerAnalysis.V1/Google.Cloud.DevTools.ContainerAnalysis.V1/Containeranalysis.g.cs,5588c02cb375fde9368ae193820ba12999bf67f1,false,true
googleapis/google-cloud-dotnet,apis/Google.Cloud.BigQuery.V2/Google.Cloud.BigQuery.V2/BigQueryJob.cs,788a4d01dde3b34f2ca799a634f5d971d91828a5,true,false
googleapis/google-cloud-dotnet,apis/Google.Cloud.DocumentAI.V1/Google.Cloud.DocumentAI.V1/Document.g.cs,ad9cf3fd719718341399185f03c6e70238f1abdf,true,false
googleapis/google-cloud-dotnet,apis/Google.Cloud.VideoIntelligence.V1/Google.Cloud.VideoIntelligence.V1.Snippets/VideoIntelligenceServiceClientSnippets.cs,cc492991e21d101a575b5cab21e62e25847b5763,true,false
googlestadia/vsi-lldb,YetiVSI20XX.Shared/DebugEngine/NatvisEngine/IndexListItemsEntity.cs,4d8590d982c8b36cf6d0a3fcb2b84ad896eb555a,true,true
googlestadia/vsi-lldb,DebuggerGrpc/DebuggerGrpc.csproj,8480c6c8ae18846a414638b4e7202bc1d5ff3046,true,false
googlestadia/vsi-lldb,DebuggerGrpcClient.Tests/DebuggerGrpcClient.Tests.csproj,8480c6c8ae18846a414638b4e7202bc1d5ff3046,true,false
googlestadia/vsi-lldb,DebuggerGrpcClient/DebuggerGrpcClient.csproj,8480c6c8ae18846a414638b4e7202bc1d5ff3046,true,false
googlestadia/vsi-lldb,DebuggerGrpcClientServer.Tests/DebuggerGrpcClientServer.Tests.csproj,8480c6c8ae18846a414638b4e7202bc1d5ff3046,true,false
googlestadia/vsi-lldb,DebuggerGrpcServer.Tests/DebuggerGrpcServer.Tests.csproj,8480c6c8ae18846a414638b4e7202bc1d5ff3046,true,false
googlestadia/vsi-lldb,DebuggerGrpcServer/DebuggerGrpcServer.csproj,8480c6c8ae18846a414638b4e7202bc1d5ff3046,true,false
googlestadia/vsi-lldb,Metrics.Shared/Metrics.Shared.csproj,8480c6c8ae18846a414638b4e7202bc1d5ff3046,true,false
googlestadia/vsi-lldb,SymbolStores.Tests/SymbolStores.Tests.csproj,8480c6c8ae18846a414638b4e7202bc1d5ff3046,true,false
googlestadia/vsi-lldb,SymbolStores/SymbolStores.csproj,8480c6c8ae18846a414638b4e7202bc1d5ff3046,true,false
googlestadia/vsi-lldb,YetiCommon.Tests/YetiCommon.Tests.csproj,8480c6c8ae18846a414638b4e7202bc1d5ff3046,true,false
googlestadia/vsi-lldb,YetiCommon/YetiCommon.csproj,8480c6c8ae18846a414638b4e7202bc1d5ff3046,true,false
graphql-dotnet/graphql-dotnet,src/GraphQL.Tests/Bugs/Bug3046.cs,001edc3025b7738139fa5011209d7ca6fa85d704,true,false
graphql-dotnet/graphql-dotnet,src/GraphQL/Resolvers/FuncFieldResolver.cs,001edc3025b7738139fa5011209d7ca6fa85d704,true,false
graphql-dotnet/graphql-dotnet,src/GraphQL/Execution/ExecutionStrategy.cs,23361a7eebf68743f78175e5497bc6137eee2c2d,true,false
graphql-dotnet/graphql-dotnet,src/GraphQL/Instrumentation/InstrumentFieldsMiddleware.cs,8b0325613a293d8bd3f55af06a55bbfa3715e4b2,false,true
graphql-dotnet/graphql-dotnet,src/GraphQL.Tests/StaticTestsCollection.cs,9002fa58a63f36536b476f9f5ea3cf0848540be0,false,true
graphql-dotnet/graphql-dotnet,src/GraphQL.Tests/DI.xUnit/PrepareDependencyInjectionAttribute.cs,cd423668b55a7d6b714dcf63f2998b6c71b3dc29,true,false
graphql-dotnet/graphql-dotnet,src/GraphQL.Tests/Bugs/Bug3100.cs,f9f829f8cd7013faa4f585baa02265be8351e6c5,true,false
jonashertzman/FileDiff,FileDiff/Commands.cs,60a4804b70fbf72b3a0f0648ffc1ff10c4feb117,false,true
jonthysell/Mzinga,CHANGELOG.md,722b0f7696fe0f675d71273bb381c395068fa855,true,false
jonthysell/Mzinga,src/Mzinga.Engine/Program.cs,722b0f7696fe0f675d71273bb381c395068fa855,true,false
jstedfast/MailKit,UnitTests/Net/Imap/ImapUtilsTests.cs,3d3f2c6eaf030a5b698b4e255bdbda96ec2b2294,true,false
jstedfast/MimeKit,MimeKit/Tnef/TnefPart.cs,3c04ff7a76e65d82415ea7c119677dec045a799a,true,false
jstedfast/MimeKit,MimeKit/Cryptography/SecureMimeContext.cs,90e51c4b82048916de095ec793e53edd1ac4a3de,true,false
kerryjiang/SuperSocket,src/SuperSocket.WebSocket.Server/WebSocketServerMiddleware.cs,6740238d293aa20ad53f70d3ce0621015bd8155c,true,false
kerryjiang/SuperSocket,src/SuperSocket.Channel/PipeChannel.cs,e758bd6ef045e77af1ef534382e71bbefcf3fc08,true,false
kerryjiang/SuperSocket,test/SuperSocket.Tests/SessionTest.cs,e758bd6ef045e77af1ef534382e71bbefcf3fc08,true,false
khellang/Middleware,src/ProblemDetails/ProblemDetailsOptions.cs,cbd42156be04cfd8a3fe8d530dc7adc9250af595,true,false
kubernetes-client/csharp,examples/restart/restart.csproj,6ff5460812655af9274b74fe585ec7f26d8a872a,true,true
kubernetes-client/csharp,tests/KubernetesClient.Tests/CertificateValidationTests.cs,877587e898e86c376d2924b34a6b3f6f84afb412,true,false
kubernetes-client/csharp,tests/KubernetesClient.Tests/assets/ca-bundle-correct.crt,877587e898e86c376d2924b34a6b3f6f84afb412,true,false
kubernetes-client/csharp,tests/KubernetesClient.Tests/assets/ca-bundle-incorrect.crt,877587e898e86c376d2924b34a6b3f6f84afb412,true,false
mdesalvo/RDFSharp,RDFSharp/Query/Mirella/Algebra/Filters/RDFDatatypeFilter.cs,b8d960f0f5132f02409ee5d1061497e14015a2da,false,true
mganss/ExcelMapper,ExcelMapper.Tests/virtual.xlsx,ca77260c534b14e290c38333dcf7aba41342ad85,true,false
mono/xwt,Xwt.XamMac/Xwt.Mac/TextLayoutBackendHandler.cs,e9aee053d0bab21b00fe0c85fc1a0c4f03d32542,true,false
mysql-net/MySqlConnector,docs/content/api/MySqlConnector/MySqlAttribute/Clone.md,5390e422b8bb5479700985708b333f8ae88155fd,true,false
mysql-net/MySqlConnector,docs/content/api/MySqlConnector/MySqlAttributeType.md,5390e422b8bb5479700985708b333f8ae88155fd,true,false
mysql-net/MySqlConnector,src/MySqlConnector/MySqlAttribute.cs,5390e422b8bb5479700985708b333f8ae88155fd,true,false
mysql-net/MySqlConnector,tests/MySqlConnector.Tests/MySqlAttributeTests.cs,5390e422b8bb5479700985708b333f8ae88155fd,true,false
mysql-net/MySqlConnector,tests/MySqlConnector.Tests/MySqlConnector.Tests.csproj,5390e422b8bb5479700985708b333f8ae88155fd,true,false
mysql-net/MySqlConnector,docs/content/api/MySqlConnector/MySqlSslModeType.md,bcf4c067af5ad2bd96b76b061b84948563bc8373,true,false
mysql-net/MySqlConnector,src/MySqlConnector/MySqlSslMode.cs,bcf4c067af5ad2bd96b76b061b84948563bc8373,true,false
neo4j/neo4j-dotnet-driver,Neo4j.Driver/Neo4j.Driver.Tests.Integration/Reactive/NavigationIT.cs,252b9e50e4b009a620e090d05b9c99096373b638,true,false
neo4j/neo4j-dotnet-driver,Neo4j.Driver/Neo4j.Driver.Tests.TestBackend/Exceptions/DriverExceptioinWrapper.cs,252b9e50e4b009a620e090d05b9c99096373b638,true,false
neo4j/neo4j-dotnet-driver,Neo4j.Driver/Neo4j.Driver.Tests.TestBackend/Exceptions/DriverExceptionWrapper.cs,252b9e50e4b009a620e090d05b9c99096373b638,true,false
neo4j/neo4j-dotnet-driver,Neo4j.Driver/Neo4j.Driver.Tests.TestBackend/Protocol/Driver/NewDriver.cs,252b9e50e4b009a620e090d05b9c99096373b638,true,false
neo4j/neo4j-dotnet-driver,Neo4j.Driver/Neo4j.Driver.Tests.TestBackend/Protocol/Driver/NewDriverConverter.cs,252b9e50e4b009a620e090d05b9c99096373b638,true,false
neo4j/neo4j-dotnet-driver,Neo4j.Driver/Neo4j.Driver.Tests.TestBackend/Protocol/Result/Result.cs,252b9e50e4b009a620e090d05b9c99096373b638,true,false
neo4j/neo4j-dotnet-driver,Neo4j.Driver/Neo4j.Driver/Internal/Result/ResultCursorBuilder.cs,252b9e50e4b009a620e090d05b9c99096373b638,true,false
nhibernate/nhibernate-core,Tools/packages.csproj,b116a3fe2d293a9a31b6bf4f5899e919fb909b0e,true,false
nhibernate/nhibernate-core,psake.ps1,b116a3fe2d293a9a31b6bf4f5899e919fb909b0e,true,false
nhibernate/nhibernate-core,src/NHibernate.Test.VisualBasic/NHibernate.Test.VisualBasic.vbproj,b116a3fe2d293a9a31b6bf4f5899e919fb909b0e,true,false
nhibernate/nhibernate-core,src/NHibernate.Test/Async/Linq/WhereTests.cs,b116a3fe2d293a9a31b6bf4f5899e919fb909b0e,true,false
nhibernate/nhibernate-core,src/NHibernate.Test/Linq/MathFTests.cs,b116a3fe2d293a9a31b6bf4f5899e919fb909b0e,true,false
nhibernate/nhibernate-core,src/NHibernate.Test/Linq/WhereTests.cs,b116a3fe2d293a9a31b6bf4f5899e919fb909b0e,true,false
nhibernate/nhibernate-core,src/NHibernate.TestDatabaseSetup/NHibernate.TestDatabaseSetup.csproj,b116a3fe2d293a9a31b6bf4f5899e919fb909b0e,true,false
nhibernate/nhibernate-core,src/NHibernate/Collection/Generic/SetHelpers/SetSnapShot.cs,b116a3fe2d293a9a31b6bf4f5899e919fb909b0e,true,false
open-telemetry/opentelemetry-dotnet,src/OpenTelemetry.Instrumentation.Http/Implementation/HttpHandlerDiagnosticListener.cs,0741a9de24d2ebb5fb65335335807c747aca6f3a,false,true
open-telemetry/opentelemetry-dotnet,test/OpenTelemetry.Exporter.OpenTelemetryProtocol.Tests/OtlpTestHelpers.cs,dff199603d11775dea6d847e4eb27c29f182f28e,true,false
open-telemetry/opentelemetry-dotnet,src/OpenTelemetry.Exporter.Zipkin/.publicApi/net6.0/PublicAPI.Shipped.txt,e35216a9a2731696cc884263885c9d862e115066,false,true
open-telemetry/opentelemetry-dotnet,src/OpenTelemetry.Exporter.Zipkin/.publicApi/net6.0/PublicAPI.Unshipped.txt,e35216a9a2731696cc884263885c9d862e115066,false,true
open-telemetry/opentelemetry-dotnet,src/OpenTelemetry.Exporter.Zipkin/ZipkinExporter.cs,e35216a9a2731696cc884263885c9d862e115066,false,true
openchargemap/ocm-system,API/OCM.Net/OCM.API.Web/Compatibility/OutputProviders/KMLOutputProvider.cs,77923365cf6c0534d56dc0f3732d8bce71fc8e31,false,true
openchargemap/ocm-system,Website/OCM.Web/Views/Shared/_Layout.cshtml,77923365cf6c0534d56dc0f3732d8bce71fc8e31,false,true
overtools/OWLib,DataTool/DataModels/ProgressionUnlocks.cs,f3331213a353fe8342b3a496416e90d75b5db2e8,false,true
peachpiecompiler/peachpie,src/Peachpie.Library/DateTime/DateTimeFunctions.cs,2261355a2a16a01cf154599db8e1cf991409fcd1,true,false
peachpiecompiler/peachpie,src/Peachpie.Library.MySql/MySqli/mysqli_stmt.cs,daf8f166862d57200a2a5474c0e4164fc6bded69,true,false
pizzaandcoffee/Geekbot.net,src/Commands/Karma/Karma.cs,b30c048bacb6c13d2dd7b776285f281fceac6c6d,true,false
pythonnet/pythonnet,src/testing/methodtest.cs,7247da55c174be1b733e5f9fc4e1c356f6c42dc4,true,true
pythonnet/pythonnet,tests/test_method.py,7247da55c174be1b733e5f9fc4e1c356f6c42dc4,true,true
quartznet/quartznet,src/Quartz/Xml/XMLSchedulingDataProcessor.cs,cbcf2220c7095747cb088eb9fdececf97072ba73,true,false
r3c/cottle,src/Cottle.Benchmark/Inputs/CompareEngine.cs,cdcfec4e06bb5dcabe1b41396891ec7000cb0fe4,false,true
rubberduck-vba/Rubberduck,Rubberduck.Core/UI/ToDoItems/ToDoExplorerViewModel.cs,2ed018ced69f3932f15d80d1292fda99897f0f41,true,false
sebastienros/jint,Jint/Engine.Modules.cs,8c89089d9fa6a0fb368d0cd0e379a4b2dc5d3cb1,true,false
secana/PeNet,src/PeNet/Header/Net/NetGuids.cs,ecb47e934aaef9bd5c94df632cf755eb4daf94d6,true,false
shuxinqin/Chloe,src/Chloe.Extension/DbContextExtension.cs,978de7e99eb9ca1170cee23bd39f6ebf99043a37,true,false
sillsdev/LfMerge,src/FixFwData/FixFwData.csproj,24fe165754f99d8f1893e6eabb60136cd829519f,true,false
sillsdev/LfMerge,src/LfMerge.Core.Tests/LfMerge.Core.Tests.csproj,24fe165754f99d8f1893e6eabb60136cd829519f,true,false
sillsdev/LfMerge,src/LfMerge.Core/LfMerge.Core.csproj,24fe165754f99d8f1893e6eabb60136cd829519f,true,false
sillsdev/LfMerge,src/LfMerge.Tests/LfMerge.Tests.csproj,24fe165754f99d8f1893e6eabb60136cd829519f,true,false
sillsdev/LfMerge,src/LfMergeAuxTool/LfMergeAuxTool.csproj,24fe165754f99d8f1893e6eabb60136cd829519f,true,false
sillsdev/LfMerge,src/LfMergeQueueManager/LfMergeQueueManager.csproj,24fe165754f99d8f1893e6eabb60136cd829519f,true,false
sillsdev/LfMerge,src/LfMergeQueueManager/QueueManager.cs,609d958b552e9f1fee769ff8a7992519e25f4d55,true,false
sjp/Schematic,src/SJP.Schematic.Serialization/Mapping/IdentifierMapper.cs,e6bb33badcbf2288f9d4328601b70e0e621a918b,true,false
sjp/Schematic,src/SJP.Schematic.Tests.Utilities/OptionExtensions.cs,e6bb33badcbf2288f9d4328601b70e0e621a918b,true,false
skybrud/Skybrud.Essentials,src/Skybrud.Essentials/Reflection/Extensions/ReflectionExtensions.cs,5338e936401c9a52fefd9e6c077ddf9ff85c02d5,true,false
skybrud/Skybrud.Essentials,src/Skybrud.Essentials/Strings/Extensions/StringExtensions.cs,6432f899036e1a4760bb83f25e181ad994241c81,false,true
skybrud/Skybrud.Umbraco.Redirects,src/Skybrud.Umbraco.Redirects/Helpers/RedirectsBackOfficeHelperDependencies.cs,e84a6dcb373ea3147d87d9fbbfb2283fb795bd22,true,false
space-wizards/space-station-14,Resources/Locale/en-US/advertisements/vending/cargodrobe.ftl,4bf0aac81426ef4ad79b3f8161b902b6a591fd38,false,true
space-wizards/space-station-14,Resources/Prototypes/Entities/Mobs/NPCs/dummy_npcs.yml,4bf0aac81426ef4ad79b3f8161b902b6a591fd38,false,true
space-wizards/space-station-14,Resources/Prototypes/Entities/Mobs/NPCs/human.yml,4bf0aac81426ef4ad79b3f8161b902b6a591fd38,false,true
space-wizards/space-station-14,Resources/Prototypes/Roles/Jobs/Civilian/assistant.yml,4bf0aac81426ef4ad79b3f8161b902b6a591fd38,false,true
space-wizards/space-station-14,Resources/Prototypes/Roles/Jobs/Fun/cult_startinggear.yml,4bf0aac81426ef4ad79b3f8161b902b6a591fd38,false,true
space-wizards/space-station-14,Resources/Textures/Interface/Misc/job_icons.rsi/Assistant.png,4bf0aac81426ef4ad79b3f8161b902b6a591fd38,false,true
space-wizards/space-station-14,Resources/Textures/Interface/Misc/job_icons.rsi/Passenger.png,4bf0aac81426ef4ad79b3f8161b902b6a591fd38,false,true
space-wizards/space-station-14,Resources/Textures/Markers/jobs.rsi/assistant.png,4bf0aac81426ef4ad79b3f8161b902b6a591fd38,false,true
space-wizards/space-station-14,Resources/Textures/Markers/jobs.rsi/meta.json,4bf0aac81426ef4ad79b3f8161b902b6a591fd38,false,true
space-wizards/space-station-14,Resources/Textures/Markers/jobs.rsi/passenger.png,4bf0aac81426ef4ad79b3f8161b902b6a591fd38,false,true
space-wizards/space-station-14,Resources/Textures/Objects/Misc/id_cards.rsi/idassistant.png,4bf0aac81426ef4ad79b3f8161b902b6a591fd38,false,true
space-wizards/space-station-14,Resources/Textures/Objects/Misc/id_cards.rsi/idpassenger.png,4bf0aac81426ef4ad79b3f8161b902b6a591fd38,false,true
space-wizards/space-station-14,Resources/Textures/Mobs/Customization/eyes.rsi/meta.json,53a05caa3501c91b376a91173966d703f4ad4780,true,false
space-wizards/space-station-14,Resources/Textures/Mobs/Customization/eyes.rsi/no_eyes.png,53a05caa3501c91b376a91173966d703f4ad4780,true,false
space-wizards/space-station-14,Content.Client/Atmos/Overlays/GasTileOverlay.cs,566b1de774d3ce23a7dab7e568024b2624524e48,true,false
space-wizards/space-station-14,Resources/Audio/Animals/cow_moo.ogg,67b2bfad57832f5bcd00329772f5f96da296cd50,true,false
space-wizards/space-station-14,Resources/Audio/Animals/fox_squeak.ogg,67b2bfad57832f5bcd00329772f5f96da296cd50,true,false
space-wizards/space-station-14,Resources/Audio/Animals/frog_ribbit.ogg,67b2bfad57832f5bcd00329772f5f96da296cd50,true,false
space-wizards/space-station-14,Resources/Audio/Animals/goat_bah.ogg,67b2bfad57832f5bcd00329772f5f96da296cd50,true,false
space-wizards/space-station-14,Resources/Audio/Animals/goose_honk.ogg,67b2bfad57832f5bcd00329772f5f96da296cd50,true,false
space-wizards/space-station-14,Resources/Audio/Animals/lizard_happy.ogg,67b2bfad57832f5bcd00329772f5f96da296cd50,true,false
space-wizards/space-station-14,Resources/Audio/Animals/parrot_raught.ogg,67b2bfad57832f5bcd00329772f5f96da296cd50,true,false
space-wizards/space-station-14,Resources/Audio/Animals/penguin_squawk.ogg,67b2bfad57832f5bcd00329772f5f96da296cd50,true,false
space-wizards/space-station-14,Resources/Audio/Animals/raccoon_chatter.ogg,67b2bfad57832f5bcd00329772f5f96da296cd50,true,false
space-wizards/space-station-14,Resources/Audio/Animals/sloth_squeak.ogg,67b2bfad57832f5bcd00329772f5f96da296cd50,true,false
space-wizards/space-station-14,Resources/Audio/Animals/snake_hiss.ogg,67b2bfad57832f5bcd00329772f5f96da296cd50,true,false
space-wizards/space-station-14,Resources/Prototypes/Entities/Markers/pointing.yml,9ac2a44de1e31232fe7c9b03be20e38cdf3ce68f,true,false
space-wizards/space-station-14,Content.Shared/Timing/UseDelaySystem.cs,b5615b2564cdf1174d526d80b2cebecc21cd2da4,true,false
space-wizards/space-station-14,Content.Server/Disposal/Unit/EntitySystems/DisposableSystem.cs,df7289d17cd5c81dfcb25fa11c0f4246e1130234,true,false
space-wizards/space-station-14,Content.Client/Items/Systems/ItemSystem.cs,ea86d4f44de1f8f7905c361fd97c97470fd6505b,true,false
stakira/OpenUtau,OpenUtau/ViewModels/LyricsViewModel.cs,77ce7b88c657aa6d80b89554b72dae103e1022e9,true,false
tawnkramer/sdsandbox,sdsim/Assets/Scripts/startingLine.cs,b0ed5377ee5c4cc0f0aeefbff65443424ae811c3,true,false
tigrouind/AITD-roomviewer,Assets/Scripts/Room/RoomLoader.cs,bc1bee0e3cbe8aa839427ffc2fbc1d8bf23382bb,false,true
uholeschak/ediabaslib,Tools/Psdz/PsdzClientLibrary/Core/FaultClassRuleParser.cs,0a952943873001641f23c5ecde1731528b84714c,false,true
uholeschak/ediabaslib,Tools/Psdz/PsdzClientLibrary/Core/VariantRuleParser.cs,27b5bb9fdfb1eaf69d84d7678a62daaa81c5e0fe,false,true
uholeschak/ediabaslib,Tools/Psdz/PsdzClientLibrary/Utility/FormatConverter.cs,39106224f45a83311fadf3f949ff0c12b8b8b618,false,true
uholeschak/ediabaslib,Tools/Psdz/PsdzClientLibrary/Core/EmpiricalRuleParser.cs,3ed3ae468c2dc6073b08bac1ee888e0efb12c2ef,false,true
uholeschak/ediabaslib,Tools/Psdz/PsdzClientLibrary/Core/CharacteristicExpression.cs,7ea64babc2e151c7f63c6a8b8ffba81ec97aefcd,false,true
uholeschak/ediabaslib,Tools/Psdz/PsdzClientLibrary/Core/VCIDevice.cs,b6e256f1137dc7b12ad1609c83baca4821f961b6,false,true
umbraco/Umbraco-CMS,tests/Umbraco.Tests.UnitTests/Umbraco.Core/PropertyEditors/BlockListPropertyValueConverterTests.cs,75613cf06174ecdd39f53d332598c1346a3df631,true,false
vchelaru/FlatRedBall,FRBDK/Glue/Glue/CodeGeneration/CustomVariableCodeGenerator.cs,6d6f79034edda4e5bb91c363c465988f6f7fa3c7,true,false
vchelaru/FlatRedBall,Engines/FlatRedBallXNA/FlatRedBall/Graphics/Renderer.Common.cs,73a371d6886f66172b30eec5507feae9b228d75a,true,false
vchelaru/FlatRedBall,FRBDK/Glue/GumPlugin/GumPlugin/CodeGeneration/StateCodeGenerator.Animation.cs,e8f04524afcc728077ac78923572f55aa7aa5f5b,true,false
vchelaru/FlatRedBall,FRBDK/Glue/OfficialPlugins/CameraControllingEntityPlugin/MainCameraControllingEntityPlugin.cs,ffe2d62a8a3a16430ee57d25f378a554c626cea9,true,false
vkhorikov/CSharpFunctionalExtensions,CSharpFunctionalExtensions/Maybe/Maybe.cs,f4e6a085f5e6458c17f76a10270da560f1f00e5f,true,false
vkhorikov/CSharpFunctionalExtensions,version.txt,f4e6a085f5e6458c17f76a10270da560f1f00e5f,true,false
vknet/vk,VkNet/Categories/MessagesCategory.cs,38a534f28bfdd9bda85c81fa9c8cb1b225dcb11b,true,false
vvfosprojects/sovvf,src/backend/SO115App.Persistence.MongoDB/SO115App.Persistence.MongoDB.csproj,b8f8acc344fe68041a2a17168076f47fee160e85,true,false
vvfosprojects/sovvf,src/backend/SO115App.Models/Servizi/CQRS/Queries/GestioneSoccorso/CodaChiamate/Lista/CodaChiamateQueryHandler.cs,ffa2533ef339d4432aaf926266a8b271eed33935,true,false
zwcloud/ImGui,src/ImGui/Control/Window/Window.Class.cs,f26f44be662b7cfcc9f3181802fa63a1419942af,true,false
